Profile Name,Username,Repo Count,EthicalHackingNotes-Christ Check
"Ebinesh-03","https://github.com/Ebinesh-03",3,"PASS"
"JuliusDude","https://github.com/JuliusDude",10,"PASS"
"SankaraNarayananS18","https://github.com/SankaraNarayananS18",4,"PASS"
"JDANIELRAJ007","https://github.com/JDANIELRAJ007",2,"PASS"
"Aaron-VS","https://github.com/Aaron-VS",5,"PASS"
"Abel0606","https://github.com/Abel0606",7,"PASS"
"Umeshwarkumar","https://github.com/Umeshwarkumar",7,"PASS"
"joshuazacharyjose","https://github.com/joshuazacharyjose",5,"PASS"
"EVAN-KS","https://github.com/EVAN-KS",4,"PASS"
"Soumya-code-ai","https://github.com/Soumya-code-ai",5,"PASS"
"Dineshbaburs","https://github.com/Dineshbaburs",5,"PASS"
"B3ttina","https://github.com/B3ttina",4,"PASS"
"AdithyaRaj672","https://github.com/AdithyaRaj672",6,"PASS"
"Allanpremm","https://github.com/Allanpremm",4,"PASS"
"alfindigo","https://github.com/alfindigo",4,"FAIL"
"abelalexander18","https://github.com/abelalexander18",3,"PASS"
"Darain-Brit-A","https://github.com/Darain-Brit-A",7,"PASS"
"Alanjeorge2005","https://github.com/Alanjeorge2005",1,"FAIL"
"SanMaria28","https://github.com/SanMaria28",3,"PASS"
"shaundx5","https://github.com/shaundx5",7,"PASS"
"Patrick-Pio","https://github.com/Patrick-Pio",3,"PASS"
"Deanjb3","https://github.com/Deanjb3",3,"PASS"
"ishaZaara","https://github.com/ishaZaara",8,"PASS"
"JoyAanchalRose","https://github.com/JoyAanchalRose",5,"PASS"
"Ramya-9739","https://github.com/Ramya-9739",3,"PASS"
"Rachel-joy07","https://github.com/Rachel-joy07",2,"PASS"
"sasmitabtech","https://github.com/sasmitabtech",6,"PASS"
"nithin811","https://github.com/nithin811",6,"PASS"
"NITHEE-11","https://github.com/NITHEE-11",5,"PASS"
"Nandana-19","https://github.com/Nandana-19",4,"PASS"
"Kavin-cse","https://github.com/Kavin-cse",7,"PASS"
"SharonC-droid","https://github.com/SharonC-droid",5,"PASS"
"dan-jose2006","https://github.com/dan-jose2006",6,"PASS"
"Joel-jarn","https://github.com/Joel-jarn",7,"PASS"
"KARTHIK-RAJEEV","https://github.com/KARTHIK-RAJEEV",5,"PASS"
"adisankar-oss","https://github.com/adisankar-oss",5,"PASS"
"AnnmarieVinish","https://github.com/AnnmarieVinish",5,"PASS"
"AnamiiiikaM","https://github.com/AnamiiiikaM",5,"PASS"
"SREEHARIS16","https://github.com/SREEHARIS16",5,"PASS"
"chrisbaptist07","https://github.com/chrisbaptist07",6,"PASS"
"sajidarryl","https://github.com/sajidarryl",3,"FAIL"
"annmary-aaa","https://github.com/annmary-aaa",4,"PASS"
"krupa2412","https://github.com/krupa2412",3,"PASS"
"samvrith66","https://github.com/samvrith66",4,"PASS"
"Nikshitha2896","https://github.com/Nikshitha2896",4,"PASS"
"SnehaT23","https://github.com/SnehaT23",7,"PASS"
"tanushree-2006","https://github.com/tanushree-2006",5,"PASS"
"alvinjobi4","https://github.com/alvinjobi4",4,"FAIL"
"A-M-K-x","https://github.com/A-M-K-x",2,"FAIL"
"samuelbiju13","https://github.com/samuelbiju13",3,"PASS"
"joshuasantoshh","https://github.com/joshuasantoshh",5,"FAIL"
"RichardRajuChirayath","https://github.com/RichardRajuChirayath",5,"PASS"
"johnevin965","https://github.com/johnevin965",3,"FAIL"
"Sartaj-IT","https://github.com/Sartaj-IT",4,"PASS"
"Sankeeth-23","https://github.com/Sankeeth-23",2,"PASS"
"AvrelPinto","https://github.com/AvrelPinto",5,"PASS"
"vedantjoshi18","https://github.com/vedantjoshi18",6,"PASS"
"Melwin-Thomas","https://github.com/Melwin-Thomas",3,"PASS"
"AlenSaijo","https://github.com/AlenSaijo",4,"PASS"
"JohnJoby2006","https://github.com/JohnJoby2006",8,"PASS"
"Sreesanth200677","https://github.com/Sreesanth200677",8,"PASS"
"Ashweljohn","https://github.com/Ashweljohn",8,"PASS"
"Tiswin-Saji","https://github.com/Tiswin-Saji",6,"PASS"
"BasudevDileep","https://github.com/BasudevDileep",3,"PASS"
"AthreyRaj","https://github.com/AthreyRaj",14,"FAIL"
"hackershay","https://github.com/hackershay",3,"FAIL"
"MichelleDevasia","https://github.com/MichelleDevasia",6,"PASS"
"Angela-Domingo","https://github.com/Angela-Domingo",3,"PASS"
"jessicanalinipaully","https://github.com/jessicanalinipaully",3,"PASS"
"Prash-2402","https://github.com/Prash-2402",4,"FAIL"
"Prisha-11-07","https://github.com/Prisha-11-07",5,"PASS"
"Aksa-006","https://github.com/Aksa-006",4,"PASS"
"SanjanaSudhir","https://github.com/SanjanaSudhir",5,"PASS"
"JoshinyMaria","https://github.com/JoshinyMaria",2,"PASS"
"SriRam-0511","https://github.com/SriRam-0511",2,"PASS"
"Monisha71","https://github.com/Monisha71",3,"PASS"
"JemimahAnna","https://github.com/JemimahAnna",6,"PASS"
"Reuben-Sunish","https://github.com/Reuben-Sunish",5,"PASS"
"maxine-23","https://github.com/maxine-23",5,"PASS"
"Rhea-gracy","https://github.com/Rhea-gracy",5,"PASS"
"Stacydsouza","https://github.com/Stacydsouza",3,"PASS"
"jfs1336","https://github.com/jfs1336",6,"FAIL"
"Tom-boby","https://github.com/Tom-boby",7,"PASS"
"TenzinRigzin2460462","https://github.com/TenzinRigzin2460462",8,"PASS"
"AntonyPraveenReddyK","https://github.com/AntonyPraveenReddyK",7,"FAIL"
"aadithyavimal-christ","https://github.com/aadithyavimal-christ",4,"PASS"
"jonac77","https://github.com/jonac77",5,"PASS"
"diyasusan-coder","https://github.com/diyasusan-coder",5,"PASS"
"Fariha006","https://github.com/Fariha006",4,"PASS"
"LeoRineeth","https://github.com/LeoRineeth",4,"FAIL"
"ArthurFigrous","https://github.com/ArthurFigrous",6,"FAIL"
"SonalJoy10","https://github.com/SonalJoy10",5,"PASS"
"RAAPPO","https://github.com/RAAPPO",5,"PASS"
"bigdaddy110","https://github.com/bigdaddy110",3,"FAIL"
"BarathCG","https://github.com/BarathCG",3,"PASS"
"AmanVarunEkka","https://github.com/AmanVarunEkka",3,"PASS"
"GOKUL06092006","https://github.com/GOKUL06092006",5,"PASS"
"Abishek-gitit","https://github.com/Abishek-gitit",9,"PASS"
"Ridhi105","https://github.com/Ridhi105",2,"PASS"
"MINEAMICHEAL","https://github.com/MINEAMICHEAL",5,"PASS"
"Prajin-30","https://github.com/Prajin-30",4,"PASS"
"Tenzin-Choeying1","https://github.com/Tenzin-Choeying1",6,"FAIL"
"elizamiriampaul","https://github.com/elizamiriampaul",3,"PASS"
"lijo6666","https://github.com/lijo6666",3,"PASS"
"moonknight96","https://github.com/moonknight96",2,"FAIL"